Date,S&P U.S. Treasury Bond Index
30/06/2014,399.81
01/07/2014,399.28
02/07/2014,398.53
03/07/2014,398.22
07/07/2014,398.45
08/07/2014,399.1
09/07/2014,399.27
10/07/2014,399.57
11/07/2014,399.91
14/07/2014,399.54
15/07/2014,399.3
16/07/2014,399.43
17/07/2014,400.41
18/07/2014,400.02
21/07/2014,400.08
22/07/2014,400.33
23/07/2014,400.36
24/07/2014,399.69
25/07/2014,400.27
28/07/2014,400.07
29/07/2014,400.29
30/07/2014,399.27
31/07/2014,399.28
01/08/2014,400.34
04/08/2014,400.39
05/08/2014,400.45
06/08/2014,400.6
07/08/2014,401.28
08/08/2014,401.12
11/08/2014,401.09
12/08/2014,400.85
13/08/2014,401.41
14/08/2014,401.77
15/08/2014,402.37
18/08/2014,401.81
19/08/2014,401.65
20/08/2014,401.1
21/08/2014,401.4
22/08/2014,401.41
25/08/2014,401.48
26/08/2014,401.51
27/08/2014,401.95
28/08/2014,402.33
29/08/2014,402.37
02/09/2014,401.34
03/09/2014,401.59
04/09/2014,400.97
05/09/2014,401.11
08/09/2014,400.87
09/09/2014,400.51
10/09/2014,400.09
11/09/2014,399.95
12/09/2014,399.39
15/09/2014,399.7
16/09/2014,399.68
17/09/2014,399.18
18/09/2014,399.17
19/09/2014,399.75
22/09/2014,400.16
23/09/2014,400.49
24/09/2014,400.08
25/09/2014,400.92
26/09/2014,400.55
29/09/2014,401.06
30/09/2014,400.81
01/10/2014,402.34
02/10/2014,401.82
03/10/2014,401.71
06/10/2014,402.06
07/10/2014,403.1
08/10/2014,403.83
09/10/2014,403.51
10/10/2014,404.14
14/10/2014,405.44
15/10/2014,406.55
16/10/2014,406.05
17/10/2014,405.48
20/10/2014,405.82
21/10/2014,405.39
22/10/2014,405.32
23/10/2014,404.57
24/10/2014,404.67
27/10/2014,404.84
28/10/2014,404.43
29/10/2014,403.8
30/10/2014,403.98
31/10/2014,403.65
03/11/2014,403.55
04/11/2014,403.66
05/11/2014,403.65
06/11/2014,403.1
07/11/2014,404.19
10/11/2014,403.45
12/11/2014,403.42
13/11/2014,403.72
14/11/2014,404.1
17/11/2014,403.92
18/11/2014,404.13
19/11/2014,403.68
20/11/2014,404.01
21/11/2014,404.42
24/11/2014,404.56
25/11/2014,405.08
26/11/2014,405.38
28/11/2014,406.38
01/12/2014,405.79
02/12/2014,404.85
03/12/2014,404.85
04/12/2014,405.41
05/12/2014,404.28
08/12/2014,404.84
09/12/2014,405.42
10/12/2014,405.83
11/12/2014,405.96
12/12/2014,407.34
15/12/2014,406.79
16/12/2014,407.66
17/12/2014,406.51
18/12/2014,405.49
19/12/2014,405.96
22/12/2014,405.99
23/12/2014,404.58
24/12/2014,404.72
26/12/2014,404.94
29/12/2014,405.58
30/12/2014,405.95
31/12/2014,406.3
02/01/2015,407.08
05/01/2015,408.1
06/01/2015,409.44
07/01/2015,409.51
08/01/2015,408.82
09/01/2015,409.76
12/01/2015,410.47
13/01/2015,410.7
14/01/2015,411.51
15/01/2015,413.2
16/01/2015,411.81
20/01/2015,412.33
21/01/2015,411.52
22/01/2015,411.02
23/01/2015,412.15
26/01/2015,411.74
27/01/2015,412
28/01/2015,413.37
29/01/2015,412.85
30/01/2015,414.51
02/02/2015,414.2
03/02/2015,412.52
04/02/2015,412.79
05/02/2015,412.07
06/02/2015,409.72
09/02/2015,409.59
10/02/2015,409.08
11/02/2015,409.05
12/02/2015,409.18
13/02/2015,408.56
17/02/2015,407.32
18/02/2015,408.2
19/02/2015,407.73
20/02/2015,407.6
23/02/2015,408.48
24/02/2015,409.75
25/02/2015,410.04
26/02/2015,408.81
27/02/2015,409.51
02/03/2015,408.13
03/03/2015,407.7
04/03/2015,407.91
05/03/2015,408.04
06/03/2015,406.01
09/03/2015,406.82
10/03/2015,407.72
11/03/2015,408.09
12/03/2015,408.26
13/03/2015,408.08
16/03/2015,408.72
17/03/2015,409.08
18/03/2015,411.41
19/03/2015,410.45
20/03/2015,411.26
23/03/2015,411.41
24/03/2015,412.08
25/03/2015,411.36
26/03/2015,410.24
27/03/2015,411.09
30/03/2015,411.04
31/03/2015,411.52
01/04/2015,412.54
02/04/2015,411.85
03/04/2015,413.1
06/04/2015,412.15
07/04/2015,412.34
08/04/2015,412.2
09/04/2015,411.28
10/04/2015,411.27
13/04/2015,411.62
14/04/2015,412.2
15/04/2015,412.34
16/04/2015,412.39
17/04/2015,412.78
20/04/2015,412.29
21/04/2015,412
22/04/2015,410.78
23/04/2015,411.33
24/04/2015,412.02
27/04/2015,411.85
28/04/2015,410.82
29/04/2015,410.11
30/04/2015,410.15
01/05/2015,409
04/05/2015,408.57
05/05/2015,408.22
06/05/2015,407.2
07/05/2015,407.9
08/05/2015,408.78
11/05/2015,406.88
12/05/2015,407.09
13/05/2015,406.89
14/05/2015,407.54
15/05/2015,408.81
18/05/2015,407.56
19/05/2015,406.59
20/05/2015,407.03
21/05/2015,408.05
22/05/2015,407.63
26/05/2015,408.7
27/05/2015,408.78
28/05/2015,408.93
29/05/2015,409.22
01/06/2015,408.24
02/06/2015,407.15
03/06/2015,405.75
04/06/2015,406.64
05/06/2015,405.33
08/06/2015,405.61
09/06/2015,404.95
10/06/2015,404.24
11/06/2015,405.61
12/06/2015,405.59
15/06/2015,405.98
16/06/2015,406.63
17/06/2015,406.74
18/06/2015,406.59
19/06/2015,407.57
22/06/2015,405.96
23/06/2015,405.46
24/06/2015,406
25/06/2015,405.65
26/06/2015,404.86
29/06/2015,407.07
30/06/2015,406.65
01/07/2015,405.52
02/07/2015,406.31
06/07/2015,407.73
07/07/2015,408.36
08/07/2015,409.16
09/07/2015,407.68
10/07/2015,406.25
13/07/2015,405.71
14/07/2015,406.32
15/07/2015,407.07
16/07/2015,407.15
17/07/2015,407.19
20/07/2015,406.7
21/07/2015,407.25
22/07/2015,407.43
23/07/2015,408.3
24/07/2015,408.57
27/07/2015,409.3
28/07/2015,408.73
29/07/2015,408.37
30/07/2015,408.6
31/07/2015,409.76
03/08/2015,410.43
04/08/2015,409.22
05/08/2015,408.55
06/08/2015,409.25
07/08/2015,410
10/08/2015,409.2
11/08/2015,410.69
12/08/2015,410.54
13/08/2015,409.9
14/08/2015,409.79
17/08/2015,410.23
18/08/2015,409.8
19/08/2015,411.01
20/08/2015,411.58
21/08/2015,412.25
24/08/2015,412.7
25/08/2015,411.47
26/08/2015,410.1
27/08/2015,410.08
28/08/2015,409.98
31/08/2015,409.43
01/09/2015,410.2
02/09/2015,409.71
03/09/2015,410.22
04/09/2015,410.82
08/09/2015,409.71
09/09/2015,409.95
10/09/2015,409.54
11/09/2015,410.18
14/09/2015,410.31
15/09/2015,408.52
16/09/2015,408.34
17/09/2015,410.21
18/09/2015,411.19
21/09/2015,410.04
22/09/2015,411.12
23/09/2015,411
24/09/2015,411.48
25/09/2015,410.9
28/09/2015,412.14
29/09/2015,412.7
30/09/2015,412.66
01/10/2015,412.87
02/10/2015,413.97
05/10/2015,412.87
06/10/2015,413.2
07/10/2015,412.68
08/10/2015,412.11
09/10/2015,412.14
13/10/2015,413.1
14/10/2015,414.2
15/10/2015,413.53
16/10/2015,413.37
19/10/2015,413.31
20/10/2015,412.59
21/10/2015,413.3
22/10/2015,413.55
23/10/2015,412.51
26/10/2015,412.98
27/10/2015,413.42
28/10/2015,412.31
29/10/2015,411.22
30/10/2015,411.57
02/11/2015,411
03/11/2015,410.38
04/11/2015,409.99
05/11/2015,409.79
06/11/2015,408.32
09/11/2015,407.96
10/11/2015,408.41
12/11/2015,408.53
13/11/2015,409.27
16/11/2015,409.39
17/11/2015,409.39
18/11/2015,409.29
19/11/2015,409.75
20/11/2015,409.48
23/11/2015,409.65
24/11/2015,409.83
25/11/2015,409.92
27/11/2015,410.11
30/11/2015,410.21
01/12/2015,411.31
02/12/2015,410.9
03/12/2015,408.8
04/12/2015,409.49
07/12/2015,410.18
08/12/2015,410.26
09/12/2015,410.46
10/12/2015,410.17
11/12/2015,411.88
14/12/2015,410.46
15/12/2015,409.77
16/12/2015,409.25
17/12/2015,410.09
18/12/2015,410.86
21/12/2015,410.9
22/12/2015,410.25
23/12/2015,409.73
24/12/2015,410.06
28/12/2015,410.22
29/12/2015,408.88
30/12/2015,408.96
31/12/2015,409.58
04/01/2016,410.23
05/01/2016,410.03
06/01/2016,411.3
07/01/2016,411.78
08/01/2016,412.42
11/01/2016,411.74
12/01/2016,412.71
13/01/2016,413.66
14/01/2016,413.17
15/01/2016,414.57
19/01/2016,414.2
20/01/2016,415.3
21/01/2016,414.82
22/01/2016,414.28
25/01/2016,414.8
26/01/2016,415.02
27/01/2016,415.18
28/01/2016,415.48
29/01/2016,416.54
01/02/2016,416.05
02/02/2016,417.81
03/02/2016,417.53
04/02/2016,418.01
05/02/2016,418.08
08/02/2016,419.94
09/02/2016,420
10/02/2016,420.68
11/02/2016,421.4
12/02/2016,419.81
16/02/2016,419.05
17/02/2016,418.44
18/02/2016,419.57
19/02/2016,419.44
22/02/2016,419.25
23/02/2016,419.7
24/02/2016,419.66
25/02/2016,420.27
26/02/2016,419.1
29/02/2016,419.38
01/03/2016,417.66
02/03/2016,417.6
03/03/2016,417.82
04/03/2016,417.12
07/03/2016,416.73
08/03/2016,418.02
09/03/2016,417.25
10/03/2016,416.5
11/03/2016,415.68
14/03/2016,415.89
15/03/2016,415.88
16/03/2016,417.11
17/03/2016,417.38
18/03/2016,417.92
21/03/2016,417.18
22/03/2016,416.86
23/03/2016,417.96
24/03/2016,417.68
28/03/2016,417.97
29/03/2016,419.51
30/03/2016,419.27
31/03/2016,420.02
01/04/2016,420.02
04/04/2016,420.23
05/04/2016,421.21
06/04/2016,420.6
07/04/2016,421.87
08/04/2016,421.42
11/04/2016,421.35
12/04/2016,420.49
13/04/2016,420.6
14/04/2016,420.07
15/04/2016,420.93
18/04/2016,420.6
19/04/2016,420.2
20/04/2016,419.17
21/04/2016,418.65
22/04/2016,418.44
25/04/2016,418.08
26/04/2016,417.56
27/04/2016,418.71
28/04/2016,419.43
29/04/2016,419.59
02/05/2016,418.81
03/05/2016,420.1
04/05/2016,420.62
05/05/2016,421.24
06/05/2016,420.76
09/05/2016,421.27
10/05/2016,421.23
11/05/2016,421.54
12/05/2016,420.96
13/05/2016,421.75
16/05/2016,420.84
17/05/2016,420.61
18/05/2016,418.78
19/05/2016,419.18
20/05/2016,419.31
23/05/2016,419.38
24/05/2016,418.9
25/05/2016,418.71
26/05/2016,419.54
27/05/2016,419.13
31/05/2016,419.39
01/06/2016,419.43
02/06/2016,420.15
03/06/2016,422.26
06/06/2016,421.66
07/06/2016,422.03
08/06/2016,422.31
09/06/2016,422.81
10/06/2016,423.52
13/06/2016,424.15
14/06/2016,424.04
15/06/2016,424.82
16/06/2016,425.04
17/06/2016,424.5
20/06/2016,423.35
21/06/2016,422.89
22/06/2016,423.19
23/06/2016,422.08
24/06/2016,425.18
27/06/2016,427.42
28/06/2016,427.47
29/06/2016,426.59
30/06/2016,427.11
01/07/2016,427.79
05/07/2016,429.9
06/07/2016,429.45
07/07/2016,429.59
08/07/2016,429.95
11/07/2016,428.73
12/07/2016,427.19
13/07/2016,428.12
14/07/2016,426.87
15/07/2016,425.67
18/07/2016,425.87
19/07/2016,426.4
20/07/2016,425.88
21/07/2016,426.19
22/07/2016,426.14
25/07/2016,426.04
26/07/2016,426.18
27/07/2016,427.28
28/07/2016,427.35
29/07/2016,428.52
01/08/2016,427.73
02/08/2016,426.95
03/08/2016,426.9
04/08/2016,427.78
05/08/2016,426.05
08/08/2016,426.13
09/08/2016,426.92
10/08/2016,427.69
11/08/2016,426.17
12/08/2016,427.32
15/08/2016,426.58
16/08/2016,426.04
17/08/2016,426.43
18/08/2016,427
19/08/2016,426.11
22/08/2016,427.05
23/08/2016,426.93
24/08/2016,426.85
25/08/2016,426.39
26/08/2016,425.1
29/08/2016,426.68
30/08/2016,426.44
31/08/2016,426.53
01/09/2016,426.55
02/09/2016,425.94
05/09/2016,425.94
06/09/2016,427.17
07/09/2016,427.19
08/09/2016,425.48
09/09/2016,424.3
12/09/2016,424.52
13/09/2016,423.48
14/09/2016,423.93
15/09/2016,423.87
16/09/2016,424.24
19/09/2016,423.9
20/09/2016,424.23
21/09/2016,424.84
22/09/2016,425.55
23/09/2016,425.63
26/09/2016,426.45
27/09/2016,427.03
28/09/2016,426.83
29/09/2016,427.15
30/09/2016,426.06
03/10/2016,425.79
04/10/2016,424.56
05/10/2016,424.02
06/10/2016,423.36
07/10/2016,423.58
10/10/2016,423.58
11/10/2016,422.67
12/10/2016,422.75
13/10/2016,423.31
14/10/2016,422.25
17/10/2016,423.04
18/10/2016,423.41
19/10/2016,423.54
20/10/2016,423.45
21/10/2016,423.61
24/10/2016,423.18
25/10/2016,423.29
26/10/2016,422.69
27/10/2016,421.68
28/10/2016,421.68
31/10/2016,422.24
01/11/2016,422.34
02/11/2016,422.98
03/11/2016,422.57
04/11/2016,423.42
07/11/2016,422.38
08/11/2016,421.55
09/11/2016,417.52
10/11/2016,416.05
11/11/2016,416.05
14/11/2016,414.31
15/11/2016,414.42
16/11/2016,414.96
17/11/2016,413.73
18/11/2016,412.94
21/11/2016,413.16
22/11/2016,413.27
23/11/2016,412.47
24/11/2016,412.47
25/11/2016,412.64
28/11/2016,413.44
29/11/2016,413.73
30/11/2016,412.24
01/12/2016,411.25
02/12/2016,412.21
05/12/2016,412.13
06/12/2016,412.24
07/12/2016,413.07
08/12/2016,412.15
09/12/2016,410.9
12/12/2016,411.03
13/12/2016,411.12
14/12/2016,409.2
15/12/2016,408.94
16/12/2016,409.12
19/12/2016,410.27
20/12/2016,409.83
21/12/2016,410.31
22/12/2016,410.16
23/12/2016,410.31
26/12/2016,410.31
27/12/2016,409.96
28/12/2016,410.85
29/12/2016,411.58
30/12/2016,412.06
02/01/2017,412.06
03/01/2017,412.17
04/01/2017,412.47
05/01/2017,414.14
06/01/2017,412.91
09/01/2017,413.91
10/01/2017,413.85
11/01/2017,414.11
12/01/2017,414.18
13/01/2017,413.55
16/01/2017,413.55
17/01/2017,414.92
18/01/2017,413.15
19/01/2017,412.45
20/01/2017,412.61
23/01/2017,413.92
24/01/2017,412.96
25/01/2017,411.76
26/01/2017,412.2
27/01/2017,412.5
30/01/2017,412.38
31/01/2017,413.13
01/02/2017,412.61
02/02/2017,412.66
03/02/2017,412.71
06/02/2017,413.82
07/02/2017,414.28
08/02/2017,415.49
09/02/2017,414.16
10/02/2017,414
13/02/2017,413.62
14/02/2017,412.66
15/02/2017,412.07
16/02/2017,413.06
17/02/2017,413.73
20/02/2017,413.73
21/02/2017,413.59
22/02/2017,413.94
23/02/2017,414.5
24/02/2017,415.7
27/02/2017,414.81
28/02/2017,414.81
01/03/2017,412.82
02/03/2017,412.25
03/03/2017,412.5
06/03/2017,412.31
07/03/2017,411.84
08/03/2017,411.1
09/03/2017,410.33
10/03/2017,410.76
13/03/2017,410.17
14/03/2017,410.54
15/03/2017,412.41
16/03/2017,411.82
17/03/2017,412.44
20/03/2017,413.11
21/03/2017,414.02
22/03/2017,414.41
23/03/2017,414.22
24/03/2017,414.42
27/03/2017,415.03
28/03/2017,414.19
29/03/2017,414.97
30/03/2017,414.21
31/03/2017,414.69
03/04/2017,415.96
04/04/2017,415.46
05/04/2017,415.98
06/04/2017,415.81
07/04/2017,414.96
10/04/2017,415.47
11/04/2017,416.72
12/04/2017,417.46
13/04/2017,418.02
17/04/2017,417.72
18/04/2017,419.28
19/04/2017,418.58
20/04/2017,418.08
21/04/2017,418.2
24/04/2017,417.57
25/04/2017,416.24
26/04/2017,416.88
27/04/2017,417.05
28/04/2017,417.24
01/05/2017,416.5
02/05/2017,417.11
03/05/2017,416.72
04/05/2017,416.16
05/05/2017,416.23
08/05/2017,415.64
09/05/2017,415.48
10/05/2017,415.35
11/05/2017,415.52
12/05/2017,416.7
15/05/2017,416.46
16/05/2017,416.8
17/05/2017,418.78
18/05/2017,418.65
19/05/2017,418.68
22/05/2017,418.46
23/05/2017,417.66
24/05/2017,418.36
25/05/2017,418.4
26/05/2017,418.52
30/05/2017,419.18
31/05/2017,419.39
01/06/2017,419.29
02/06/2017,420.5
05/06/2017,419.9
06/06/2017,420.64
07/06/2017,420.04
08/06/2017,419.7
09/06/2017,419.4
12/06/2017,419.4
13/06/2017,419.41
14/06/2017,420.93
15/06/2017,420.52
16/06/2017,420.8
19/06/2017,420.25
20/06/2017,421.08
21/06/2017,421.18
22/06/2017,421.45
23/06/2017,421.47
26/06/2017,421.81
27/06/2017,420.56
28/06/2017,420.47
29/06/2017,419.61
30/06/2017,419.09
03/07/2017,418.31
05/07/2017,418.59
06/07/2017,417.95
07/07/2017,417.54
10/07/2017,417.86
11/07/2017,418.2
12/07/2017,419.03
13/07/2017,418.48
14/07/2017,418.8
17/07/2017,419.13
18/07/2017,420.06
19/07/2017,420.02
20/07/2017,420.21
21/07/2017,420.73
24/07/2017,420.36
25/07/2017,418.91
26/07/2017,419.61
27/07/2017,419.18
28/07/2017,419.73
31/07/2017,419.81
01/08/2017,420.56
02/08/2017,420.42
03/08/2017,421.48
04/08/2017,420.55
07/08/2017,420.74
08/08/2017,420.47
09/08/2017,420.99
10/08/2017,421.94
11/08/2017,422.26
14/08/2017,421.65
15/08/2017,420.93
16/08/2017,421.45
17/08/2017,422.37
18/08/2017,422.29
21/08/2017,422.61
22/08/2017,422.05
23/08/2017,422.95
24/08/2017,422.41
25/08/2017,422.8
28/08/2017,423.01
29/08/2017,423.56
30/08/2017,423.34
31/08/2017,423.73
01/09/2017,422.85
05/09/2017,424.87
06/09/2017,424.12
07/09/2017,425.39
08/09/2017,425.17
11/09/2017,423.7
12/09/2017,423.03
13/09/2017,422.55
14/09/2017,422.7
15/09/2017,422.51
18/09/2017,422.03
19/09/2017,421.76
20/09/2017,421.4
21/09/2017,421.23
22/09/2017,421.65
25/09/2017,422.46
26/09/2017,422.16
27/09/2017,420.77
28/09/2017,420.71
29/09/2017,420.48
02/10/2017,420.3
03/10/2017,420.6
04/10/2017,420.64
05/10/2017,420.15
06/10/2017,419.77
10/10/2017,420.29
11/10/2017,420.44
12/10/2017,420.81
13/10/2017,421.64
16/10/2017,421.21
17/10/2017,421.19
18/10/2017,420.5
19/10/2017,420.87
20/10/2017,419.63
23/10/2017,420
24/10/2017,419.27
25/10/2017,418.88
26/10/2017,418.48
27/10/2017,419.23
30/10/2017,420.31
31/10/2017,420.12
01/11/2017,420.36
02/11/2017,420.84
03/11/2017,421.1
06/11/2017,421.49
07/11/2017,421.69
08/11/2017,421.33
09/11/2017,421.2
10/11/2017,419.72
13/11/2017,419.76
14/11/2017,420.25
15/11/2017,421.31
16/11/2017,420.35
17/11/2017,420.92
20/11/2017,420.61
21/11/2017,420.67
22/11/2017,421.45
24/11/2017,421.11
27/11/2017,421.22
28/11/2017,421.3
29/11/2017,420.33
30/11/2017,419.66
01/12/2017,420.84
04/12/2017,420.68
05/12/2017,420.98
06/12/2017,421.5
07/12/2017,420.9
08/12/2017,420.77
11/12/2017,420.54
12/12/2017,420.4
13/12/2017,421.54
14/12/2017,421.57
15/12/2017,421.61
18/12/2017,420.92
19/12/2017,419.67
20/12/2017,418.72
21/12/2017,419.03
22/12/2017,419.09
26/12/2017,419.4
27/12/2017,420.68
28/12/2017,420.43
29/12/2017,420.85
02/01/2018,419.78
03/01/2018,420.1
04/01/2018,419.88
05/01/2018,419.55
08/01/2018,419.51
09/01/2018,418.24
10/01/2018,418.25
11/01/2018,418.5
12/01/2018,418.4
16/01/2018,418.71
17/01/2018,418.27
18/01/2018,417.41
19/01/2018,416.77
22/01/2018,416.82
23/01/2018,417.5
24/01/2018,416.94
25/01/2018,417.62
26/01/2018,416.82
29/01/2018,416.31
30/01/2018,415.74
31/01/2018,415.95
01/02/2018,414.54
02/02/2018,413.8
05/02/2018,415.69
06/02/2018,414.57
07/02/2018,413.63
08/02/2018,413.87
09/02/2018,413.45
12/02/2018,413.59
13/02/2018,413.97
14/02/2018,412.35
15/02/2018,412.52
16/02/2018,413.1
20/02/2018,412.75
21/02/2018,411.7
22/02/2018,412.15
23/02/2018,413.04
26/02/2018,413.28
27/02/2018,412.72
28/02/2018,413.33
01/03/2018,414.41
02/03/2018,413.41
05/03/2018,413.2
06/03/2018,413.23
07/03/2018,413.19
08/03/2018,413.71
09/03/2018,413.08
12/03/2018,413.75
13/03/2018,414.25
14/03/2018,414.9
15/03/2018,414.81
16/03/2018,414.37
19/03/2018,414.16
20/03/2018,413.57
21/03/2018,413.88
22/03/2018,414.94
23/03/2018,415.12
26/03/2018,414.56
27/03/2018,415.91
28/03/2018,415.94
29/03/2018,416.53
02/04/2018,416.84
03/04/2018,415.9
04/04/2018,415.71
05/04/2018,414.98
06/04/2018,416.29
09/04/2018,416.38
10/04/2018,415.97
11/04/2018,416.28
12/04/2018,415.29
13/04/2018,415.47
16/04/2018,415.4
17/04/2018,415.62
18/04/2018,414.56
19/04/2018,413.85
20/04/2018,413
23/04/2018,412.89
24/04/2018,412.58
25/04/2018,412.05
26/04/2018,412.74
27/04/2018,413.33
30/04/2018,413.61
01/05/2018,413.15
02/05/2018,413.22
03/05/2018,413.75
04/05/2018,413.83
07/05/2018,413.77
08/05/2018,413.5
09/05/2018,412.87
10/05/2018,413.48
11/05/2018,413.59
14/05/2018,413.14
15/05/2018,411.83
16/05/2018,411.37
17/05/2018,411.12
18/05/2018,412.12
21/05/2018,412.21
22/05/2018,412.13
23/05/2018,413.23
24/05/2018,413.97
25/05/2018,414.96
29/05/2018,418.02
30/05/2018,416.84
31/05/2018,416.62
01/06/2018,415.7
04/06/2018,414.79
05/06/2018,415.41
06/06/2018,414.39
07/06/2018,415.5
08/06/2018,415.14
11/06/2018,414.9
12/06/2018,414.79
13/06/2018,414.52
14/06/2018,415.3
15/06/2018,415.46
18/06/2018,415.58
19/06/2018,416.26
20/06/2018,415.37
21/06/2018,416.05
22/06/2018,416.08
25/06/2018,416.5
26/06/2018,416.64
27/06/2018,417.73
28/06/2018,417.56
29/06/2018,417.28
02/07/2018,417.09
03/07/2018,417.81
05/07/2018,417.81
06/07/2018,418.2
09/07/2018,417.58
10/07/2018,417.42
11/07/2018,417.91
12/07/2018,417.8
13/07/2018,418.25
16/07/2018,417.8
17/07/2018,417.57
18/07/2018,417.27
19/07/2018,418.04
20/07/2018,417.03
23/07/2018,415.75
24/07/2018,415.99
25/07/2018,415.75
26/07/2018,415.45
27/07/2018,415.76
30/07/2018,415.58
31/07/2018,415.98
01/08/2018,415.26
02/08/2018,415.55
03/08/2018,416.22
06/08/2018,416.38
07/08/2018,415.79
08/08/2018,415.94
09/08/2018,416.8
10/08/2018,417.88
13/08/2018,417.84
14/08/2018,417.49
15/08/2018,418.22
16/08/2018,418.09
17/08/2018,418.25
20/08/2018,419.17
21/08/2018,418.74
22/08/2018,419.27
23/08/2018,419.23
24/08/2018,419.36
27/08/2018,418.76
28/08/2018,418.13
29/08/2018,418.11
30/08/2018,418.56
31/08/2018,418.56
04/09/2018,417.97
05/09/2018,417.88
06/09/2018,418.34
07/09/2018,417.12
10/09/2018,417.4
11/09/2018,416.51
12/09/2018,416.74
13/09/2018,416.76
14/09/2018,416.2
17/09/2018,416.36
18/09/2018,415.25
19/09/2018,414.75
20/09/2018,415.02
21/09/2018,415.09
24/09/2018,414.86
25/09/2018,414.7
26/09/2018,415.51
27/09/2018,415.53
28/09/2018,415.53
01/10/2018,414.88
02/10/2018,415.58
03/10/2018,413.68
04/10/2018,412.97
05/10/2018,412.26
09/10/2018,412.9
10/10/2018,413.01
11/10/2018,414.07
12/10/2018,413.75
15/10/2018,413.87
16/10/2018,413.92
17/10/2018,413.23
18/10/2018,413.52
19/10/2018,413.17
22/10/2018,413.18
23/10/2018,413.76
24/10/2018,415.03
25/10/2018,414.4
26/10/2018,415.45
29/10/2018,415.35
30/10/2018,414.75
31/10/2018,414.11
01/11/2018,414.39
02/11/2018,412.92
05/11/2018,413.29
06/11/2018,413.04
07/11/2018,413
08/11/2018,412.71
09/11/2018,413.75
13/11/2018,414.73
14/11/2018,415.2
15/11/2018,415.28
16/11/2018,416.12
19/11/2018,416.65
20/11/2018,416.56
21/11/2018,416.46
23/11/2018,416.73
26/11/2018,416.42
27/11/2018,416.59
28/11/2018,416.43
29/11/2018,416.95
30/11/2018,417.37
03/12/2018,417.91
04/12/2018,419.37
06/12/2018,420.04
07/12/2018,420.69
10/12/2018,421.02
11/12/2018,420.6
12/12/2018,420.04
13/12/2018,420.08
14/12/2018,420.6
17/12/2018,421.48
18/12/2018,422.26
19/12/2018,423.32
20/12/2018,422.94
21/12/2018,423.15
24/12/2018,424.31
26/12/2018,422.77
27/12/2018,423.29
28/12/2018,424.59
31/12/2018,425.26
02/01/2019,425.96
03/01/2019,428.05
04/01/2019,425.97
07/01/2019,425.36
08/01/2019,424.76
09/01/2019,424.87
10/01/2019,424.46
11/01/2019,425.09
14/01/2019,424.97
15/01/2019,424.66
16/01/2019,424.63
17/01/2019,424.33
18/01/2019,423.55
22/01/2019,424.47
23/01/2019,424.43
24/01/2019,425.22
25/01/2019,424.6
28/01/2019,424.65
29/01/2019,425.38
30/01/2019,425.85
31/01/2019,427.02
01/02/2019,425.89
04/02/2019,425.38
05/02/2019,425.92
06/02/2019,426.11
07/02/2019,426.95
08/02/2019,427.44
11/02/2019,427
12/02/2019,426.66
13/02/2019,426.07
14/02/2019,427
15/02/2019,426.96
19/02/2019,427.52
20/02/2019,427.33
21/02/2019,426.38
22/02/2019,427.16
25/02/2019,426.93
26/02/2019,427.6
27/02/2019,426.56
28/02/2019,426
01/03/2019,424.94
04/03/2019,425.87
05/03/2019,426.03
06/03/2019,426.68
07/03/2019,427.63
08/03/2019,428.06
11/03/2019,427.79
12/03/2019,428.62
13/03/2019,428.48
14/03/2019,427.93
15/03/2019,428.69
18/03/2019,428.56
19/03/2019,428.32
20/03/2019,430.05
21/03/2019,430.03
22/03/2019,432.22
25/03/2019,432.87
26/03/2019,432.77
27/03/2019,433.76
28/03/2019,433.87
29/03/2019,433.57
01/04/2019,431.72
02/04/2019,432.14
03/04/2019,431.19
04/04/2019,431.47
05/04/2019,431.59
08/04/2019,431.27
09/04/2019,431.71
10/04/2019,432.19
11/04/2019,431.46
12/04/2019,430.34
15/04/2019,430.74
16/04/2019,429.97
17/04/2019,430
18/04/2019,430.81
22/04/2019,430.34
23/04/2019,430.78
24/04/2019,431.85
25/04/2019,431.6
26/04/2019,432.29
29/04/2019,431.75
30/04/2019,432.42
01/05/2019,432.43
02/05/2019,431.65
03/05/2019,432.02
06/05/2019,432.69
07/05/2019,433.64
08/05/2019,433.09
09/05/2019,433.76
10/05/2019,433.57
13/05/2019,435.1
14/05/2019,434.74
15/05/2019,435.66
16/05/2019,435.13
17/05/2019,435.34
20/05/2019,434.97
21/05/2019,434.56
22/05/2019,435.41
23/05/2019,437.09
24/05/2019,437.04
28/05/2019,438.22
29/05/2019,438.38
30/05/2019,439.49
31/05/2019,441.58
03/06/2019,443.03
04/06/2019,441.78
05/06/2019,441.61
06/06/2019,441.56
07/06/2019,442.76
10/06/2019,441.47
11/06/2019,441.43
12/06/2019,441.98
13/06/2019,442.65
14/06/2019,442.85
17/06/2019,442.9
18/06/2019,443.42
19/06/2019,444.33
20/06/2019,444.74
21/06/2019,443.52
24/06/2019,444.65
25/06/2019,445.09
26/06/2019,443.92
27/06/2019,444.77
28/06/2019,444.87
01/07/2019,444.5
02/07/2019,445.44
03/07/2019,446.07
05/07/2019,444.04
08/07/2019,443.95
09/07/2019,443.74
10/07/2019,443.95
11/07/2019,442.38
12/07/2019,442.65
15/07/2019,443.38
16/07/2019,442.79
17/07/2019,444.24
18/07/2019,444.8
19/07/2019,444.24
22/07/2019,444.45
23/07/2019,443.89
24/07/2019,444.31
25/07/2019,443.63
26/07/2019,443.76
29/07/2019,443.99
30/07/2019,444.22
31/07/2019,444.86
01/08/2019,448.08
02/08/2019,448.91
05/08/2019,451.69
06/08/2019,452.42
07/08/2019,452.52
08/08/2019,452.54
09/08/2019,452.09
12/08/2019,454.55
13/08/2019,453.47
14/08/2019,456.05
15/08/2019,458.03
16/08/2019,457.23
19/08/2019,455.48
20/08/2019,456.89
21/08/2019,455.85
22/08/2019,454.99
23/08/2019,457.29
26/08/2019,456.84
27/08/2019,458.52
28/08/2019,458.72
29/08/2019,458.06
30/08/2019,458.2
03/09/2019,458.8
04/09/2019,459.35
05/09/2019,456.6
06/09/2019,457.21
09/09/2019,455.11
10/09/2019,452.65
11/09/2019,452.4
12/09/2019,451.52
13/09/2019,448.63
16/09/2019,450.2
17/09/2019,451.02
18/09/2019,451.28
19/09/2019,451.48
20/09/2019,453.21
23/09/2019,453.58
24/09/2019,455.29
25/09/2019,453.13
26/09/2019,453.91
27/09/2019,454.39
30/09/2019,454.81
01/10/2019,455.73
02/10/2019,456.6
03/10/2019,458.3
04/10/2019,458.96
07/10/2019,457.8
08/10/2019,458.43
09/10/2019,457.56
10/10/2019,455.48
11/10/2019,453.59
15/10/2019,452.96
16/10/2019,453.47
17/10/2019,453.21
18/10/2019,453.44
21/10/2019,452.38
22/10/2019,453.07
23/10/2019,453.16
24/10/2019,453.03
25/10/2019,452.28
28/10/2019,451.31
29/10/2019,451.44
30/10/2019,453.07
31/10/2019,455.11
01/11/2019,454.52
04/11/2019,453
05/11/2019,451.45
06/11/2019,452.33
07/11/2019,449.85
08/11/2019,449.39
12/11/2019,450.1
13/11/2019,450.98
14/11/2019,452.42
15/11/2019,452.11
18/11/2019,452.62
19/11/2019,453.3
20/11/2019,454.56
21/11/2019,453.75
22/11/2019,453.73
25/11/2019,454.07
26/11/2019,454.77
27/11/2019,454.07
29/11/2019,454.03
02/12/2019,452.79
03/12/2019,455.5
04/12/2019,454.21
05/12/2019,453.57
06/12/2019,452.69
09/12/2019,453
10/12/2019,452.72
11/12/2019,453.84
12/12/2019,451.61
13/12/2019,453.32
16/12/2019,452.12
17/12/2019,452.11
18/12/2019,451.26
19/12/2019,451.49
20/12/2019,451.54
23/12/2019,451.28
24/12/2019,451.93
26/12/2019,452.14
27/12/2019,452.64
30/12/2019,452.49
31/12/2019,451.62
02/01/2020,452.76
03/01/2020,454.69
06/01/2020,454.21
07/01/2020,453.73
08/01/2020,452.94
09/01/2020,453.17
10/01/2020,454.04
13/01/2020,453.7
14/01/2020,454.37
15/01/2020,455.17
16/01/2020,454.69
17/01/2020,454.03
21/01/2020,455.48
22/01/2020,455.77
23/01/2020,456.59
24/01/2020,457.65
27/01/2020,459.78
28/01/2020,458.74
29/01/2020,460.19
30/01/2020,460.33
31/01/2020,461.89
03/02/2020,461.66
04/02/2020,459.77
05/02/2020,458.41
06/02/2020,458.79
07/02/2020,460.32
10/02/2020,460.95
11/02/2020,460.18
12/02/2020,459.46
13/02/2020,459.81
14/02/2020,460.34
18/02/2020,461.29
19/02/2020,461.21
20/02/2020,462.26
21/02/2020,463.57
24/02/2020,466.13
25/02/2020,467.16
26/02/2020,466.74
27/02/2020,468.5
28/02/2020,472.45
02/03/2020,471.52
03/03/2020,475.23
04/03/2020,474.32
05/03/2020,477.44
06/03/2020,482.67
09/03/2020,486.31
10/03/2020,479.47
11/03/2020,478.05
12/03/2020,476.77
13/03/2020,473.71
16/03/2020,481.1
17/03/2020,473.05
18/03/2020,468.06
19/03/2020,468.7
20/03/2020,477.15
23/03/2020,482.44
24/03/2020,480.73
25/03/2020,480.57
26/03/2020,481.77
27/03/2020,485.1
30/03/2020,484.56
31/03/2020,484.34
01/04/2020,485.89
02/04/2020,486.4
03/04/2020,486.74
06/04/2020,485.67
07/04/2020,484.88
08/04/2020,484.04
09/04/2020,484.66
13/04/2020,483.77
14/04/2020,484.15
15/04/2020,487.36
16/04/2020,488.41
17/04/2020,486.86
20/04/2020,487.91
21/04/2020,489.28
22/04/2020,488
23/04/2020,488.56
24/04/2020,488.8
27/04/2020,486.65
28/04/2020,488.2
29/04/2020,487.82
30/04/2020,486.75
01/05/2020,487.37
04/05/2020,487.16
05/05/2020,486.55
06/05/2020,484.95
07/05/2020,487.28
08/05/2020,485.8
11/05/2020,484.77
12/05/2020,486
13/05/2020,486.8
14/05/2020,487.8
15/05/2020,487.48
18/05/2020,484.91
19/05/2020,485.64
20/05/2020,485.84
21/05/2020,486.15
22/05/2020,486.6
26/05/2020,485.5
27/05/2020,485.37
28/05/2020,485.03
29/05/2020,485.95
01/06/2020,485.41
02/06/2020,484.91
03/06/2020,483.09
04/06/2020,481.5
05/06/2020,480.22
08/06/2020,480.63
09/06/2020,482.11
10/06/2020,484.29
11/06/2020,486.04
12/06/2020,485
15/06/2020,485.05
16/06/2020,483.65
17/06/2020,484.05
18/06/2020,485.12
19/06/2020,485.18
22/06/2020,485.18
23/06/2020,484.63
24/06/2020,485.76
25/06/2020,485.95
26/06/2020,487.19
29/06/2020,487.17
30/06/2020,486.62
01/07/2020,486.2
02/07/2020,486.5
06/07/2020,486
07/07/2020,487.49
08/07/2020,487.02
09/07/2020,488.66
10/07/2020,487.93
13/07/2020,488.41
14/07/2020,488.49
15/07/2020,488.11
16/07/2020,488.64
17/07/2020,488.4
20/07/2020,488.69
21/07/2020,488.9
22/07/2020,489.14
23/07/2020,490.18
24/07/2020,490.16
27/07/2020,489.63
28/07/2020,490.58
29/07/2020,490.67
30/07/2020,491.48
31/07/2020,491.48
03/08/2020,491.1
04/08/2020,492.26
05/08/2020,491.11
06/08/2020,491.66
07/08/2020,490.81
10/08/2020,490.37
11/08/2020,488.88
12/08/2020,487.75
13/08/2020,486.56
14/08/2020,486.38
17/08/2020,486.8
18/08/2020,487.61
19/08/2020,486.96
20/08/2020,487.99
21/08/2020,488.5
24/08/2020,488.15
25/08/2020,487.35
26/08/2020,487.01
27/08/2020,485.25
28/08/2020,485.5
31/08/2020,486.18
01/09/2020,487.49
02/09/2020,488.38
03/09/2020,488.79
04/09/2020,486.38
08/09/2020,487.26
09/09/2020,486.97
10/09/2020,487.52
11/09/2020,487.84
14/09/2020,487.79
15/09/2020,487.57
16/09/2020,487.26
17/09/2020,487.54
18/09/2020,487.1
21/09/2020,487.74
22/09/2020,487.72
23/09/2020,487.86
24/09/2020,488.2
25/09/2020,488.29
28/09/2020,488.1
29/09/2020,488.28
30/09/2020,487.2
01/10/2020,487.42
02/10/2020,486.91
05/10/2020,484.59
06/10/2020,485.27
07/10/2020,484.3
08/10/2020,485.02
09/10/2020,484.78
13/10/2020,486.17
14/10/2020,486.38
15/10/2020,486.16
16/10/2020,485.8
19/10/2020,485.34
20/10/2020,484.38
21/10/2020,483.92
22/10/2020,482.66
23/10/2020,483.27
26/10/2020,484.4
27/10/2020,485.2
28/10/2020,485.31
29/10/2020,484.05
30/10/2020,482.91
02/11/2020,483.63
03/11/2020,482.94
04/11/2020,485.65
05/11/2020,485.83
06/11/2020,484.35
09/11/2020,481.73
10/11/2020,480.94
12/11/2020,483.39
13/11/2020,483.1
16/11/2020,482.89
17/11/2020,483.74
18/11/2020,483.91
19/11/2020,484.48
20/11/2020,485.4
23/11/2020,484.87
24/11/2020,483.96
25/11/2020,483.74
27/11/2020,484.78
30/11/2020,484.75
01/12/2020,482.88
02/12/2020,482.07
03/12/2020,483.1
04/12/2020,481.4
07/12/2020,482.58
08/12/2020,483.05
09/12/2020,482.6
10/12/2020,483.67
11/12/2020,484.25
14/12/2020,484.03
15/12/2020,483.65
16/12/2020,483.36
17/12/2020,483.01
18/12/2020,482.7
21/12/2020,483.12
22/12/2020,483.73
23/12/2020,482.98
24/12/2020,483.42
28/12/2020,483.48
29/12/2020,483.39
30/12/2020,483.62
31/12/2020,483.85
04/01/2021,483.9
05/01/2021,483.01
06/01/2021,480.61
07/01/2021,479.51
08/01/2021,478.88
11/01/2021,478.55
12/01/2021,478.49
13/01/2021,479.7
14/01/2021,478.81
15/01/2021,479.43
19/01/2021,479.87
20/01/2021,479.96
21/01/2021,479.35
22/01/2021,479.68
25/01/2021,481.05
26/01/2021,480.9
27/01/2021,481.25
28/01/2021,480.53
29/01/2021,479.98
01/02/2021,480.2
02/02/2021,479.41
03/02/2021,478.42
04/02/2021,478.21
05/02/2021,477.34
08/02/2021,477.67
09/02/2021,477.78
10/02/2021,478.6
11/02/2021,478.09
12/02/2021,476.72
16/02/2021,474.75
17/02/2021,475.28
18/02/2021,475.07
19/02/2021,473.61
22/02/2021,472.87
23/02/2021,472.81
24/02/2021,472.06
25/02/2021,468.51
26/02/2021,472.27
01/03/2021,471.27
02/03/2021,471.64
03/03/2021,470.1
04/03/2021,469.03
05/03/2021,468.92
08/03/2021,467.76
09/03/2021,469.24
10/03/2021,469.71
11/03/2021,469.27
12/03/2021,466.83
15/03/2021,467.41
16/03/2021,467.22
17/03/2021,466.78
18/03/2021,465.34
19/03/2021,465.63
22/03/2021,466.79
23/03/2021,468
24/03/2021,468.53
25/03/2021,467.97
26/03/2021,467.25
29/03/2021,466.33
30/03/2021,466.54
31/03/2021,466.01
01/04/2021,467.38
02/04/2021,466.43
05/04/2021,466.76
06/04/2021,467.96
07/04/2021,467.47
08/04/2021,468.44
09/04/2021,467.84
12/04/2021,467.67
13/04/2021,468.7
14/04/2021,468.34
15/04/2021,470.2
16/04/2021,469.33
19/04/2021,469.15
20/04/2021,469.91
21/04/2021,470.08
22/04/2021,470.41
23/04/2021,470.04
26/04/2021,469.84
27/04/2021,468.77
28/04/2021,469.09
29/04/2021,468.73
30/04/2021,469.05
03/05/2021,469.32
04/05/2021,469.91
05/05/2021,470.26
06/05/2021,470.4
07/05/2021,470.27
10/05/2021,469.38
11/05/2021,468.77
12/05/2021,467.33
13/05/2021,467.84
14/05/2021,468.65
17/05/2021,468.39
18/05/2021,468.32
19/05/2021,467.7
20/05/2021,468.83
21/05/2021,468.99
24/05/2021,469.45
25/05/2021,470.65
26/05/2021,470.39
27/05/2021,470.19
28/05/2021,470.01
01/06/2021,469.77
02/06/2021,470.05
03/06/2021,469.34
04/06/2021,471.03
07/06/2021,470.74
08/06/2021,471.57
09/06/2021,472.57
10/06/2021,473.43
11/06/2021,473.01
14/06/2021,472.02
15/06/2021,471.95
16/06/2021,470.63
17/06/2021,472.03
18/06/2021,473.66
21/06/2021,472.24
22/06/2021,472.75
23/06/2021,472.22
24/06/2021,472.29
25/06/2021,471.28
28/06/2021,472.46
29/06/2021,472.66
30/06/2021,473.14
01/07/2021,473.02
02/07/2021,473.85
06/07/2021,475.07
07/07/2021,476.63
08/07/2021,477.42
09/07/2021,475.67
12/07/2021,475.48
13/07/2021,474.33
14/07/2021,475.87
15/07/2021,477.08
16/07/2021,476.86
19/07/2021,479.68
20/07/2021,478.99
21/07/2021,477.28
22/07/2021,478.34
23/07/2021,477.66
26/07/2021,477.39
27/07/2021,478.66
28/07/2021,478.78
29/07/2021,477.96
30/07/2021,478.77
02/08/2021,480.08
03/08/2021,480.18
04/08/2021,480.19
05/08/2021,479.16
06/08/2021,477.07
09/08/2021,476.54
10/08/2021,475.88
11/08/2021,476.03
12/08/2021,475.77
13/08/2021,477.54
16/08/2021,478.13
17/08/2021,478
18/08/2021,478.15
19/08/2021,478.92
20/08/2021,478.77
23/08/2021,478.87
24/08/2021,477.96
25/08/2021,476.85
26/08/2021,477.09
27/08/2021,478.04
30/08/2021,478.65
31/08/2021,478.04
01/09/2021,478.1
02/09/2021,478.54
03/09/2021,477.59
07/09/2021,476.54
08/09/2021,477.28
09/09/2021,478.57
10/09/2021,477.5
13/09/2021,478.18
14/09/2021,479.47
15/09/2021,478.99
16/09/2021,478.17
17/09/2021,477.34
20/09/2021,478.99
21/09/2021,478.86
22/09/2021,479.16
23/09/2021,476.28
24/09/2021,475.13
27/09/2021,474.48
28/09/2021,472.9
29/09/2021,473.32
30/09/2021,473.48
01/10/2021,474.65
04/10/2021,474.33
05/10/2021,473.2
06/10/2021,473.56
07/10/2021,472.23
08/10/2021,471.35
12/10/2021,472.49
13/10/2021,473.25
14/10/2021,473.81
15/10/2021,472.54
18/10/2021,472.5
19/10/2021,471.27
20/10/2021,470.78
21/10/2021,470
22/10/2021,471
25/10/2021,471.23
26/10/2021,471.87
27/10/2021,473.75
28/10/2021,472.98
29/10/2021,473.13
01/11/2021,472.74
02/11/2021,473.62
03/11/2021,472.48
04/11/2021,474.16
05/11/2021,475.94
08/11/2021,475.02
09/11/2021,476.66
10/11/2021,473.53
12/11/2021,472.97
15/11/2021,471.53
16/11/2021,471.32
17/11/2021,472.39
18/11/2021,472.79
19/11/2021,473.71
22/11/2021,471.59
23/11/2021,470.08
24/11/2021,471.43
26/11/2021,475.59
29/11/2021,474.7
30/11/2021,476.35
01/12/2021,476.91
02/12/2021,476.34
03/12/2021,478.03
06/12/2021,476.25
07/12/2021,474.93
08/12/2021,473.35
09/12/2021,473.99
10/12/2021,473.95
13/12/2021,475.7
14/12/2021,475.18
15/12/2021,474.3
16/12/2021,474.98
17/12/2021,475.96
20/12/2021,475.54
21/12/2021,474.53
22/12/2021,474.98
23/12/2021,473.9
27/12/2021,474.08
28/12/2021,473.83
29/12/2021,472.45
30/12/2021,473.54
31/12/2021,473.6
03/01/2022,470.35
04/01/2022,470.07
05/01/2022,468.85
06/01/2022,468.41
07/01/2022,467.45
10/01/2022,467.42
11/01/2022,468.19
12/01/2022,467.94
13/01/2022,469.03
14/01/2022,466.76
18/01/2022,464.4
19/01/2022,465.35
20/01/2022,466.01
21/01/2022,467.69
24/01/2022,467.21
25/01/2022,466.78
26/01/2022,464.56
27/01/2022,466.11
28/01/2022,466.51
31/01/2022,466.2
01/02/2022,465.78
02/02/2022,466.41
03/02/2022,465.18
04/02/2022,462.5
07/02/2022,462.7
08/02/2022,461.55
09/02/2022,461.71
10/02/2022,458.13
11/02/2022,461.18
14/02/2022,459.01
15/02/2022,457.97
16/02/2022,458.95
17/02/2022,460.29
18/02/2022,461.43
22/02/2022,461.4
23/02/2022,459.62
24/02/2022,460.19
25/02/2022,460.06
28/02/2022,463.42
01/03/2022,466.21
02/03/2022,460.9
03/03/2022,462.22
04/03/2022,464.87
07/03/2022,463.6
08/03/2022,461.55
09/03/2022,459.94
10/03/2022,458.26
11/03/2022,458.26
14/03/2022,454.61
15/03/2022,454.47
16/03/2022,454.59
17/03/2022,453.73
18/03/2022,454.8
21/03/2022,450.84
22/03/2022,449.22
23/03/2022,451.69
24/03/2022,450.39
25/03/2022,447.44
28/03/2022,448.08
29/03/2022,449.32
30/03/2022,450.44
31/03/2022,450.7
01/04/2022,449.59
04/04/2022,449.37
05/04/2022,446.01
06/04/2022,445.27
07/04/2022,444.75
08/04/2022,443.1
11/04/2022,441.78
12/04/2022,442.97
13/04/2022,443.4
14/04/2022,440.61
18/04/2022,440.09
19/04/2022,438.25
20/04/2022,440.43
21/04/2022,438.88
22/04/2022,438.59
25/04/2022,440.22
26/04/2022,442.1
27/04/2022,440.63
28/04/2022,440.27
29/04/2022,438.46
02/05/2022,436.53
03/05/2022,436.92
04/05/2022,438.56
05/05/2022,435.59
06/05/2022,433.96
09/05/2022,436
10/05/2022,436.75
11/05/2022,438.44
12/05/2022,439.05
13/05/2022,437.46
16/05/2022,438.14
17/05/2022,435.94
18/05/2022,438.08
19/05/2022,438.91
20/05/2022,440.26
23/05/2022,438.45
24/05/2022,441.24
25/05/2022,441.87
26/05/2022,441.59
27/05/2022,441.71
31/05/2022,439.24
01/06/2022,437.94
02/06/2022,438.15
03/06/2022,437.69
06/06/2022,435.44
07/06/2022,436.53
08/06/2022,435.47
09/06/2022,435.35
10/06/2022,432.76
13/06/2022,427.78
14/06/2022,425.76
15/06/2022,429.23
16/06/2022,430.66
17/06/2022,430.73
21/06/2022,429.16
22/06/2022,432.77
23/06/2022,434.19
24/06/2022,432.87
27/06/2022,431.59
28/06/2022,431.94
29/06/2022,434.03
30/06/2022,435.75
01/07/2022,438.25
05/07/2022,439.45
06/07/2022,436.8
07/07/2022,435.32
08/07/2022,433.69
11/07/2022,435.8
12/07/2022,436.49
13/07/2022,437.21
14/07/2022,435.93
15/07/2022,436.83
18/07/2022,435.83
19/07/2022,434.68
20/07/2022,434.75
21/07/2022,437.75
22/07/2022,440.73
25/07/2022,439.53
26/07/2022,439.55
27/07/2022,439.84
28/07/2022,441.97
29/07/2022,441.87
01/08/2022,443.98
02/08/2022,440.17
03/08/2022,441.64
04/08/2022,442.54
05/08/2022,438.37
08/08/2022,440.11
09/08/2022,439.31
10/08/2022,439.21
11/08/2022,437
12/08/2022,438.05
15/08/2022,438.68
16/08/2022,438.6
17/08/2022,436.82
18/08/2022,437.37
19/08/2022,435.44
22/08/2022,434.42
23/08/2022,433.95
24/08/2022,432.86
25/08/2022,434.47
26/08/2022,434.66
29/08/2022,433.37
30/08/2022,433.48
31/08/2022,432.31
01/09/2022,430.13
02/09/2022,431.66
06/09/2022,428.62
07/09/2022,430.56
08/09/2022,429.34
09/09/2022,429.14
12/09/2022,428.51
13/09/2022,427.21
14/09/2022,427.09
15/09/2022,426.34
16/09/2022,426.19
19/09/2022,425.74
20/09/2022,424.45
21/09/2022,425.55
22/09/2022,421.98
23/09/2022,421.92
26/09/2022,418.56
27/09/2022,416.39
28/09/2022,421.58
29/09/2022,420.46
30/09/2022,419.32
03/10/2022,421.94
04/10/2022,422.19
05/10/2022,420.43
06/10/2022,419.19
07/10/2022,417.81
11/10/2022,416.94
12/10/2022,417.84
13/10/2022,416.01
14/10/2022,415.01
17/10/2022,415.14
18/10/2022,415.78
19/10/2022,413.2
20/10/2022,411.28
21/10/2022,411.23
24/10/2022,410.77
25/10/2022,413.66
26/10/2022,415.11
27/10/2022,416.87
28/10/2022,415.52
31/10/2022,414.34
01/11/2022,414.7
02/11/2022,414.18
03/11/2022,412.96
04/11/2022,412.25
07/11/2022,411.21
08/11/2022,412.73
09/11/2022,413.56
10/11/2022,419.31
14/11/2022,418.44
15/11/2022,420.39
16/11/2022,422.43
17/11/2022,420.75
18/11/2022,419.77
21/11/2022,419.94
22/11/2022,421.31
23/11/2022,422.95
25/11/2022,423.27
28/11/2022,423.25
29/11/2022,422.15
30/11/2022,424.03
01/12/2022,427.6
02/12/2022,428.55
05/12/2022,426.09
06/12/2022,427.63
07/12/2022,430.44
08/12/2022,429.3
09/12/2022,427.09
12/12/2022,426.96
13/12/2022,429.18
14/12/2022,429.95
15/12/2022,430.31
16/12/2022,429.64
19/12/2022,427.61
20/12/2022,425.79
21/12/2022,426.18
22/12/2022,425.93
23/12/2022,424.43
27/12/2022,422.35
28/12/2022,421.81
29/12/2022,422.85
30/12/2022,421.61
03/01/2023,423.71
04/01/2023,425.49
05/01/2023,425.19
06/01/2023,428.56
09/01/2023,429.5
10/01/2023,427.79
11/01/2023,429.57
12/01/2023,432.15
13/01/2023,430.81
17/01/2023,430.42
18/01/2023,433.88
19/01/2023,433.1
20/01/2023,431.19
23/01/2023,430.33
24/01/2023,431.91
25/01/2023,432.31
26/01/2023,431.39
27/01/2023,431.1
30/01/2023,430.38
31/01/2023,431.69
01/02/2023,433.78
02/02/2023,433.85
03/02/2023,430.94
06/02/2023,428.82
07/02/2023,428.2
08/02/2023,428.93
09/02/2023,427.63
10/02/2023,426.34
13/02/2023,427.17
14/02/2023,426.01
15/02/2023,425.17
16/02/2023,423.89
17/02/2023,424.91
21/02/2023,422.25
22/02/2023,423.05
23/02/2023,424.05
24/02/2023,422.15
27/02/2023,422.87
28/02/2023,423.15
01/03/2023,421.35
02/03/2023,420.31
03/03/2023,422.63
06/03/2023,422.06
07/03/2023,421.83
08/03/2023,421.73
09/03/2023,423.33
10/03/2023,428.56
13/03/2023,432.47
14/03/2023,429.55
15/03/2023,433.78
16/03/2023,431.22
17/03/2023,434.67
20/03/2023,433.33
21/03/2023,430.95
22/03/2023,434.32
23/03/2023,435.71
24/03/2023,436.05
27/03/2023,432.53
28/03/2023,432.16
29/03/2023,431.72
30/03/2023,432.12
31/03/2023,433.99
03/04/2023,435.28
04/04/2023,437.03
05/04/2023,438.19
06/04/2023,438.37
07/04/2023,436.04
10/04/2023,435.69
11/04/2023,435.65
12/04/2023,436.25
13/04/2023,435.48
14/04/2023,433.78
17/04/2023,432.1
18/04/2023,432.44
19/04/2023,431.99
20/04/2023,433.53
21/04/2023,432.9
24/04/2023,434.34
25/04/2023,437.37
26/04/2023,436.06
27/04/2023,434
28/04/2023,436.18
01/05/2023,432.71
02/05/2023,436.39
03/05/2023,438.16
04/05/2023,437.94
05/05/2023,436.47
08/05/2023,434.69
09/05/2023,434.31
10/05/2023,436.39
11/05/2023,437.4
12/05/2023,435.92
15/05/2023,435.13
16/05/2023,434.28
17/05/2023,433.39
18/05/2023,431.65
19/05/2023,430.64
22/05/2023,430.3
23/05/2023,430.62
24/05/2023,429.78
25/05/2023,428.13
26/05/2023,428.35
30/05/2023,430.73
31/05/2023,431.97
01/06/2023,432.79
02/06/2023,430.68
05/06/2023,430.8
06/06/2023,431.03
07/06/2023,429.18
08/06/2023,430.8
09/06/2023,430.08
12/06/2023,430.64
13/06/2023,428.82
14/06/2023,429.27
15/06/2023,431
16/06/2023,430.08
20/06/2023,431.04
21/06/2023,431.29
22/06/2023,429.6
23/06/2023,430.81
26/06/2023,431.37
27/06/2023,430.44
28/06/2023,431.42
29/06/2023,428.54
30/06/2023,429.46
03/07/2023,428.6
05/07/2023,427.4
06/07/2023,425.31
07/07/2023,425.14
10/07/2023,426.3
11/07/2023,426.76
12/07/2023,429.28
13/07/2023,431.47
14/07/2023,430.13
17/07/2023,430.49
18/07/2023,430.87
19/07/2023,431.99
20/07/2023,429.95
21/07/2023,430.1
24/07/2023,429.46
25/07/2023,429.07
26/07/2023,429.76
27/07/2023,427.03
28/07/2023,428.02
31/07/2023,428.45
01/08/2023,426.69
02/08/2023,426.03
03/08/2023,423.84
04/08/2023,426.61
07/08/2023,425.97
08/08/2023,427.31
09/08/2023,427.55
10/08/2023,425.54
11/08/2023,424.56
14/08/2023,424.13
15/08/2023,423.67
16/08/2023,422.7
17/08/2023,422.5
18/08/2023,423.13
21/08/2023,421.51
22/08/2023,421.81
23/08/2023,424.68
24/08/2023,423.81
25/08/2023,423.77
28/08/2023,424.31
29/08/2023,426.28
30/08/2023,426.23
31/08/2023,426.83
01/09/2023,425.27
05/09/2023,423.7
06/09/2023,423.22
07/09/2023,424.02
08/09/2023,424.24
11/09/2023,423.77
12/09/2023,424.12
13/09/2023,424.44
14/09/2023,423.68
15/09/2023,423.02
18/09/2023,423.37
19/09/2023,422.44
20/09/2023,422.29
21/09/2023,420.1
22/09/2023,421.29
25/09/2023,419.22
26/09/2023,419
27/09/2023,417.99
28/09/2023,418.81
29/09/2023,419.07
02/10/2023,417.11
03/10/2023,414.94
04/10/2023,416.75
05/10/2023,416.84
06/10/2023,415.43
10/10/2023,418.32
11/10/2023,419.92
12/10/2023,417.14
13/10/2023,418.88
16/10/2023,417.29
17/10/2023,415.14
18/10/2023,414.12
19/10/2023,412.84
20/10/2023,414.23
23/10/2023,415.57
24/10/2023,416.22
25/10/2023,414.04
26/10/2023,415.96
27/10/2023,416.22
30/10/2023,415.61
31/10/2023,415.06
01/11/2023,417.96
02/11/2023,419.68
03/11/2023,421.7
06/11/2023,420.3
07/11/2023,421.79
08/11/2023,423.09
09/11/2023,420.24
10/11/2023,420.68
13/11/2023,420.73
14/11/2023,424.5
15/11/2023,422.54
16/11/2023,424.33
17/11/2023,424.52
20/11/2023,425.11
21/11/2023,425.34
22/11/2023,425.42
24/11/2023,424.13
27/11/2023,426.24
28/11/2023,427.33
29/11/2023,429.06
30/11/2023,427.6
01/12/2023,430.42
04/12/2023,429.54
05/12/2023,431.85
06/12/2023,433.08
07/12/2023,432.62
08/12/2023,430.89
11/12/2023,430.89
12/12/2023,431.38
13/12/2023,435.58
14/12/2023,438.39
15/12/2023,438.23
18/12/2023,437.56
19/12/2023,438.12
20/12/2023,439.54
21/12/2023,439.01
22/12/2023,438.84
26/12/2023,439.04
27/12/2023,441.38
28/12/2023,440.33
29/12/2023,440.17
02/01/2024,438.77
03/01/2024,439.37
04/01/2024,437.5
05/01/2024,436.49
08/01/2024,437.71
09/01/2024,437.4
10/01/2024,436.93
11/01/2024,438.31
12/01/2024,439.06
16/01/2024,436.93
17/01/2024,435.9
18/01/2024,435.09
19/01/2024,435.18
22/01/2024,436.07
23/01/2024,435.37
24/01/2024,434.57
25/01/2024,435.73
26/01/2024,435.34
29/01/2024,436.99
30/01/2024,437.45
31/01/2024,439.45
01/02/2024,441.65
02/02/2024,438.06
05/02/2024,435.34
06/02/2024,436.88
07/02/2024,436.33
08/02/2024,435.36
09/02/2024,435.07
12/02/2024,435.38
13/02/2024,432.2
14/02/2024,433.31
15/02/2024,433.99
16/02/2024,432.93
20/02/2024,433.54
21/02/2024,432.54
22/02/2024,432.6
23/02/2024,434.01
26/02/2024,433.62
27/02/2024,432.99
28/02/2024,434.01
29/02/2024,434.7
01/03/2024,436.14
04/03/2024,435.52
05/03/2024,437.32
06/03/2024,437.95
07/03/2024,438.33
08/03/2024,438.56
11/03/2024,438.27
12/03/2024,436.99
13/03/2024,436.35
14/03/2024,434.22
15/03/2024,433.89
18/03/2024,433.6
19/03/2024,434.35
20/03/2024,434.97
21/03/2024,435.06
22/03/2024,436.45
25/03/2024,435.86
26/03/2024,436.26
27/03/2024,437.28
28/03/2024,437.06
01/04/2024,434.59
02/04/2024,434.19
03/04/2024,434.38
04/04/2024,435.36
05/04/2024,433.42
08/04/2024,433.05
09/04/2024,434.32
10/04/2024,430.38
11/04/2024,430.05
12/04/2024,431.16
15/04/2024,429.47
16/04/2024,428.53
17/04/2024,430.07
18/04/2024,429.1
19/04/2024,429.61
22/04/2024,429.67
23/04/2024,430.05
24/04/2024,429.3
25/04/2024,428.23
26/04/2024,428.91
29/04/2024,430
30/04/2024,428.86
01/05/2024,430.01
02/05/2024,431.17
03/05/2024,432.8
06/05/2024,433.21
07/05/2024,433.88
08/05/2024,433.22
09/05/2024,433.89
10/05/2024,433.12
13/05/2024,433.52
14/05/2024,434.37
15/05/2024,436.52
16/05/2024,435.97
17/05/2024,435.14
20/05/2024,434.84
21/05/2024,435.55
22/05/2024,435.29
23/05/2024,434.24
24/05/2024,434.48
28/05/2024,433.15
29/05/2024,431.81
30/05/2024,433.16
31/05/2024,434.5
03/06/2024,436.4
04/06/2024,438.03
05/06/2024,439.1
06/06/2024,439.11
07/06/2024,436.11
10/06/2024,435.56
11/06/2024,437
12/06/2024,438.43
13/06/2024,440.45
14/06/2024,441.13
17/06/2024,439.87
18/06/2024,441.24
20/06/2024,440.49
21/06/2024,440.56
24/06/2024,440.96
25/06/2024,441.22
26/06/2024,439.43
27/06/2024,440.09
28/06/2024,438.53
01/07/2024,436.37
02/07/2024,437.4
03/07/2024,439.27